location_id,city,state,region,country,postal_code,territory
LOC-0031,East Courtneychester,NJ,North,USA,10282-7396,
LOC-0066,North Deniseside,NV,West,USA,MG93 1XW,Territory-A
LOC-0065,Mortonside,CT,North,USA,90120-2193,Territory-D
LOC-0054,,,East,USA,,
LOC-0046,,,West,USA,,
LOC-0094,Lake Matthew,WV,East,USA,70910,Territory-E
LOC-0092,East Josephville,MS,South,USA,78386,Territory-F
LOC-0048,Lake Larry,VA,East,USA,37535-5088,Territory-F
LOC-0011,,,North,USA,,
LOC-0001,,,North,USA,,
LOC-0019,,MI,Central,USA,WH91 9PD,
LOC-0032,South Patrickmouth,AZ,West,USA,82845-8973,Territory-B
LOC-0089,East Mikeburgh,KY,East,USA,96706-7071,Territory-A
LOC-0096,North Cynthiaview,LA,South,USA,56507,Territory-C
LOC-0078,Port Jacobland,CA,West,USA,54057-7624,Territory-F
LOC-0005,Lake Debra,PA,North,USA,22676-6881,Territory-C
LOC-0081,,,West,USA,,
LOC-0034,Lake Nicoleview,IL,Central,USA,BP74 9EY,Territory-A
LOC-0013,New Kellystad,AL,South,USA,95909,Territory-D
LOC-0027,West Donald,WV,East,USA,71213-1887,Territory-F
LOC-0099,Hoffmanville,MN,Central,USA,82544-9698,Territory-C
LOC-0056,New David,CO,West,USA,LZ24 7XE,Territory-A
LOC-0023,,,East,USA,,
LOC-0077,North Susan,NV,West,USA,38760-5471,Territory-D
LOC-0045,,,North,USA,,
LOC-0073,Mooreport,GA,South,USA,60205,Territory-F
LOC-0016,Port Jesseville,NY,North,USA,30033,Territory-F
LOC-0043,North John,NJ,North,USA,46930-4450,Territory-F
LOC-0041,New Mariotown,AL,South,USA,30676-8179,Territory-E
LOC-0010,North Noahstad,DE,East,USA,97841,Territory-C
LOC-0086,South Christineshire,LA,South,USA,TE87 2UE,Territory-C
LOC-0012,Herrerafurt,TX,South,USA,62581-5386,Territory-A
LOC-0092,east josephville,MS,South,USA,78386,Territory-F
LOC-0079,South David,LA,South,USA,91560,Territory-E
LOC-0029,Coxberg,NC,South,USA,DE69 4WB,Territory-E
LOC-0080,New Brooke,NH,North,USA,RC64 3WE,Territory-C
LOC-0006,Robinsonshire,WI,Central,USA,70217,Territory-E
LOC-0063,Taylorburgh,LA,South,USA,RH94 6CY,Territory-B
LOC-0057,Sanchezfort,CA,West,USA,RY95 4JB,Territory-F
LOC-0040,,,Central,USA,,
LOC-0036,South Aaron,CO,West,USA,36772-6147,Territory-B
LOC-0017,Ramirezstad,MS,South,USA,KP69 9GO,Territory-A
LOC-0067,North Sarabury,NV,West,USA,77889,Territory-D
LOC-0035,Danielchester,FL,South,USA,RG25 4PB,Territory-A
LOC-0008,Lake Roberto,MN,Central,USA,SB39 5ZW,Territory-A
LOC-0044,North Jessicaland,MD,East,USA,WN42 1CL,Territory-C
LOC-0069,Port Richard,CO,West,USA,90301-9270,Territory-D
LOC-0070,East Nicholasfurt,IA,Central,USA,72216,Territory-D
LOC-0028,Juliechester,NY,North,USA,54473-2790,Territory-B
LOC-0020,New Jessica,IL,Central,USA,MC56 5GG,Territory-E
LOC-0085,Stewartland,GA,South,USA,97747-2874,Territory-E
LOC-0026,Wilkersonmouth,FL,South,USA,96374,Territory-D
LOC-0074,North Beth,NC,South,USA,64377,Territory-D
LOC-0050,Martinezbury,NJ,North,USA,UK95 4GU,Territory-A
LOC-0014,Lake Chad,ID,West,USA,44718,Territory-B
LOC-0025,Jasonfort,NV,West,USA,SW83 8GM,Territory-D
LOC-0004,East Jessetown,CO,West,USA,30379-4527,Territory-C
LOC-0018,West Michael,TX,North,USA,CL68 1YW,Territory-C
LOC-0039,East Nathaniel,TX,North,USA,80468,Territory-B
LOC-0009,Ericmouth,AZ,West,USA,93320-6977,Territory-B
LOC-0082,Sarahborough,WV,East,USA,65255-5133,Territory-A
LOC-0007,Lisatown,TX,North,USA,82357,Territory-C
LOC-0068,South Todd,CT,North,USA,69829,Territory-B
LOC-0037,Teresaburgh,WV,East,USA,98039,Territory-F
LOC-0091,Lake Lisaport,NH,North,USA,93307-8532,Territory-F
LOC-0084,,,South,USA,,
LOC-0055,West Elizabeth,WI,Central,USA,24208,Territory-E
LOC-0051,West Andrewside,CA,West,USA,39154-4269,Territory-D
LOC-0071,,,East,USA,,
LOC-0047,Brandtside,MI,Central,USA,26704-1685,Territory-C
LOC-0100,Lake Rebeccaside,CO,West,USA,69473-5438,Territory-C
LOC-0062,East Jamesside,MN,Central,USA,67905-8244,Territory-F
LOC-0038,port colleenhaven,WV,East,USA,19508-1152,Territory-D
LOC-0097,North Matthewberg,DE,East,USA,ON34 2GK,Territory-E
LOC-0042,West Natashaport,KY,East,USA,AV48 2YD,Territory-A
LOC-0059,Gomezchester,TX,North,USA,97410-7691,Territory-C
LOC-0049,Samuelhaven,VT,North,USA,ZT40 3ZV,Territory-D
LOC-0090,Bassport,MN,Central,USA,65057,Territory-D
LOC-0058,Leeville,KY,East,USA,96951-3041,Territory-F
LOC-0076,Shawhaven,UT,West,USA,WT58 8AJ,Territory-D
LOC-0033,Tashatown,SC,South,USA,17665,Territory-E
LOC-0098,Evanmouth,LA,South,USA,LA47 4KG,Territory-F
LOC-0060,Shieldston,AZ,West,USA,ER58 3QH,Territory-E
LOC-0064,Stevenland,MD,East,USA,29313,Territory-A
LOC-0027,west donald,WV,East,USA,71213-1887,Territory-F
LOC-0038,Port Colleenhaven,TX,North,USA,19508-1152,Territory-D
LOC-0030,Daviston,NY,North,USA,VZ40 3KM,Territory-D
LOC-0002,East Jill,CT,North,USA,76237,Territory-E
LOC-0053,Lake Crystalbury,MS,South,USA,46517-2137,Territory-C
LOC-0022,Lake Mark,SC,South,USA,LF79 4SK,Territory-F
LOC-0003,New Roberttown,CT,North,USA,SK67 5VA,Territory-B
LOC-0024,Adamsborough,PA,North,USA,BB14 6BG,Territory-F
LOC-0088,Davidstad,FL,South,USA,GS48 2UO,Territory-A
LOC-0095,Williamview,MO,Central,USA,13761-9098,Territory-C
LOC-0075,Lake Leeton,KY,East,USA,64496-2020,Territory-B
LOC-0087,North Amandahaven,NY,North,USA,85470-7149,Territory-D
LOC-0083,Johnfurt,CA,West,USA,BY38 2UQ,Territory-A
LOC-0021,South Noah,PA,North,USA,VZ78 3DM,Territory-E
LOC-0061,North Richardmouth,MA,North,USA,37549-8043,Territory-E
LOC-0072,Rodneyside,SC,South,USA,51904-9849,Territory-A
LOC-0015,Port Keith,SC,South,USA,LP56 4ZD,Territory-D
LOC-0093,West Juan,KY,East,USA,MV85 5IG,Territory-A
LOC-0052,New Jeffrey,DE,East,USA,39219,Territory-A
LOC-0079,south david,LA,South,USA,91560,Territory-E
